Model,R² Score,MSE,MAE
Custom GD,-117.79419032053389,5581.304703706473,74.50190175563837
SGD,-557.3980279945432,26235.201669181733,113.5468448264781
Linear Regression,0.8097486421833613,8.938575155935093,2.4469830739504657
