Model,R² Score,MSE,MAE
Custom GD,-137.31094068660997,5887.870958816002,76.29059794995612
SGD,0.6008777390590456,16.990560237283756,3.152612977160104
Linear Regression,0.6799809049418994,13.623153213371083,2.871783490178388
